playlist_id,cancion_id
550e8400-e29b-41d4-a716-446655440040,550e8400-e29b-41d4-a716-446655440030
550e8400-e29b-41d4-a716-446655440040,550e8400-e29b-41d4-a716-446655440031
550e8400-e29b-41d4-a716-446655440041,550e8400-e29b-41d4-a716-446655440032
550e8400-e29b-41d4-a716-446655440041,550e8400-e29b-41d4-a716-446655440033
550e8400-e29b-41d4-a716-446655440042,550e8400-e29b-41d4-a716-446655440034
550e8400-e29b-41d4-a716-446655440042,550e8400-e29b-41d4-a716-446655440035
550e8400-e29b-41d4-a716-446655440043,550e8400-e29b-41d4-a716-446655440036
550e8400-e29b-41d4-a716-446655440043,550e8400-e29b-41d4-a716-446655440037
550e8400-e29b-41d4-a716-446655440044,550e8400-e29b-41d4-a716-446655440038
550e8400-e29b-41d4-a716-446655440044,550e8400-e29b-41d4-a716-446655440039
550e8400-e29b-41d4-a716-446655440045,550e8400-e29b-41d4-a716-44665544003a
550e8400-e29b-41d4-a716-446655440045,550e8400-e29b-41d4-a716-44665544003b
550e8400-e29b-41d4-a716-446655440046,550e8400-e29b-41d4-a716-44665544003c
550e8400-e29b-41d4-a716-446655440046,550e8400-e29b-41d4-a716-44665544003d
550e8400-e29b-41d4-a716-446655440047,550e8400-e29b-41d4-a716-44665544003e
550e8400-e29b-41d4-a716-446655440047,550e8400-e29b-41d4-a716-44665544003f
550e8400-e29b-41d4-a716-446655440048,550e8400-e29b-41d4-a716-446655440040
550e8400-e29b-41d4-a716-446655440048,550e8400-e29b-41d4-a716-446655440041
550e8400-e29b-41d4-a716-446655440049,550e8400-e29b-41d4-a716-446655440042
550e8400-e29b-41d4-a716-446655440049,550e8400-e29b-41d4-a716-446655440043
550e8400-e29b-41d4-a716-44665544004a,550e8400-e29b-41d4-a716-446655440044
550e8400-e29b-41d4-a716-44665544004a,550e8400-e29b-41d4-a716-446655440045
550e8400-e29b-41d4-a716-44665544004b,550e8400-e29b-41d4-a716-446655440046
550e8400-e29b-41d4-a716-44665544004b,550e8400-e29b-41d4-a716-446655440047
550e8400-e29b-41d4-a716-44665544004c,550e8400-e29b-41d4-a716-446655440048
550e8400-e29b-41d4-a716-44665544004c,550e8400-e29b-41d4-a716-446655440049
550e8400-e29b-41d4-a716-44665544004d,550e8400-e29b-41d4-a716-44665544004a
550e8400-e29b-41d4-a716-44665544004d,550e8400-e29b-41d4-a716-44665544004b
550e8400-e29b-41d4-a716-44665544004e,550e8400-e29b-41d4-a716-44665544004c
550e8400-e29b-41d4-a716-44665544004e,550e8400-e29b-41d4-a716-44665544004d
550e8400-e29b-41d4-a716-44665544004f,550e8400-e29b-41d4-a716-44665544004e
550e8400-e29b-41d4-a716-44665544004f,550e8400-e29b-41d4-a716-44665544004f
550e8400-e29b-41d4-a716-446655440050,550e8400-e29b-41d4-a716-446655440050
550e8400-e29b-41d4-a716-446655440050,550e8400-e29b-41d4-a716-446655440051
550e8400-e29b-41d4-a716-446655440051,550e8400-e29b-41d4-a716-446655440052
550e8400-e29b-41d4-a716-446655440051,550e8400-e29b-41d4-a716-446655440053
550e8400-e29b-41d4-a716-446655440052,550e8400-e29b-41d4-a716-446655440054
550e8400-e29b-41d4-a716-446655440052,550e8400-e29b-41d4-a716-446655440055
